<component name="ProjectRunConfigurationManager">
  <configuration default="false" name="FakeService Back" type="Application" factoryName="Application" singleton="false">
    <option name="ALTERNATIVE_JRE_PATH" value="11" />
    <option name="ALTERNATIVE_JRE_PATH_ENABLED" value="true" />
    <classpathModifications>
      <entry path="$PROJECT_DIR$/microchassis-demo/target/classes" />
      <entry exclude="true" path="$PROJECT_DIR$/microchassis-demo/target/classes" />
    </classpathModifications>
    <option name="MAIN_CLASS_NAME" value="com.viettel.autotest.microchassis.peer.benchmark.service.FakeService" />
    <option name="VM_PARAMETERS" value="-DsPort=13000 -DserviceType=back -DintervalStatistic=1000 -Dlog4j.configurationFile=$PROJECT_DIR$/microchassis-demo/src/com/viettel/vocs/microchassis/tiennn18/mesh-log4j2.xml" />
    <extension name="coverage">
      <pattern>
        <option name="PATTERN" value="com.viettel.vocs.microchassis.tiennn18.*" />
        <option name="ENABLED" value="true" />
      </pattern>
    </extension>
    <method v="2">
      <option name="Make" enabled="true" />
    </method>
  </configuration>
</component>